Model,Time Step,Batch Size,Epochs,MSE,R2,MAE,MAPE
LSTM,1,32,50,0.0053928138153676985,0.7987518693331553,2210.1600245535706,0.03974289178015708
Bi-LSTM,1,32,50,0.003834314166102658,0.8569117005080681,1818.5728861607145,0.03217707449938467
GRU,1,32,50,0.00422092313199844,0.8424842913021631,1931.8747388392858,0.03459790404804394
LSTM,1,64,50,0.0051626613946464004,0.8073406591605772,2141.9281651785705,0.038227707191199355
Bi-LSTM,1,64,50,0.0039243744413274455,0.853550846108704,1881.190004464286,0.033453688120956525
GRU,1,64,50,0.003995365987209917,0.8509015953852164,1863.4976473214288,0.03270107838635155
LSTM,2,32,50,0.011809167449044535,0.5622289064391572,3455.298478260869,0.0633952188084441
Bi-LSTM,2,32,50,0.004814622119651986,0.821519815050738,2014.3551924818844,0.03571538308464428
GRU,2,32,50,0.008508897261749773,0.684571391222466,2784.9162341485508,0.04721902385325872
LSTM,2,64,50,0.0047506797501969174,0.8238901871469929,2035.9824886775357,0.03632547226097556
Bi-LSTM,2,64,50,0.004507910689129096,0.8328897442965528,1955.1443478260874,0.034283468951965844
GRU,2,64,50,0.005581124578790188,0.7931052277225555,2205.2350249094206,0.04001276548163156
LSTM,3,32,50,0.009350722171679182,0.6550936894245771,2928.1636167279407,0.04982809494696621
Bi-LSTM,3,32,50,0.0058467499871701365,0.7843395483356961,2279.8986994485294,0.04098315702065279
GRU,3,32,50,0.011261805293400309,0.5846023822705514,3294.2783203125,0.060858766067823034
LSTM,3,64,50,0.008210717551011906,0.6971433600846857,2654.8012890625,0.04873968202431896
Bi-LSTM,3,64,50,0.006027265095133215,0.7776811535349992,2307.6599816176476,0.041708059676366226
GRU,3,64,50,0.006485593927327793,0.7607754532435975,2338.160280330883,0.042066565610343096
LSTM,1,32,100,0.005447330461549019,0.7967174261816132,2254.063560267857,0.040976284953177164
Bi-LSTM,1,32,100,0.00435520317098872,0.8374732510998002,1871.6603370535715,0.03290621443574323
GRU,1,32,100,0.004427453518078839,0.8347770246418271,1921.9672566964282,0.03407928423760643
LSTM,1,64,100,0.0038626462412848584,0.8558544088300053,1846.4901808035718,0.032894231327267646
Bi-LSTM,1,64,100,0.004005142384833625,0.8505367614017363,1818.1293705357143,0.032166691464373225
GRU,1,64,100,0.006482926516657675,0.7580712245229035,2432.340421875,0.04145843485887694
LSTM,2,32,100,0.010734406941104956,0.6020707568411332,3199.6817164855074,0.05967315559364883
Bi-LSTM,2,32,100,0.010576428724829043,0.6079270796341081,3261.6004347826088,0.06009600328587972
GRU,2,32,100,0.0067714520285000945,0.7489792593506568,2520.1158106884063,0.04541495436531977
LSTM,2,64,100,0.005391864422774086,0.8001211859451962,2174.867318840579,0.038695110102102914
Bi-LSTM,2,64,100,0.005430633202318425,0.7986840100316209,2147.735765398551,0.03775284767299316
GRU,2,64,100,0.00807608677146097,0.7006158687401138,2797.798713768116,0.05147306100556501
LSTM,3,32,100,0.014995607733355858,0.44687911337876285,3749.0058938419124,0.07001007806894262
Bi-LSTM,3,32,100,0.006997906954496073,0.7418785174972318,2514.5009260110296,0.04536909609299439
GRU,3,32,100,0.0073777265269644255,0.7278686725869463,2610.1536397058826,0.0473186450322935
LSTM,3,64,100,0.009655209999532871,0.6438624955775161,2966.1106916360304,0.05488543867801367
Bi-LSTM,3,64,100,0.006647679107270922,0.7547968560415057,2454.779800091912,0.04411292260769193
GRU,3,64,100,0.008619176466647645,0.682077137922696,2819.6350482536773,0.051035921261707994
LSTM,1,32,50,0.004856224049550729,0.8187762371312604,2098.157729910714,0.037483963610898875
Bi-LSTM,1,32,50,0.00539784235220969,0.798564215230105,2206.742745535714,0.0400070989236183
GRU,1,32,50,0.004231292534965284,0.8420973276437363,1917.9738749999997,0.03417021845913176
LSTM,1,64,50,0.004554969101296854,0.8300184192769638,2043.500075892857,0.03641494137198272
Bi-LSTM,1,64,50,0.004079560587202203,0.847759635280381,1892.8430446428574,0.03326015168805102
GRU,1,64,50,0.004152474347789144,0.845038651667671,1904.2951718750007,0.03321355400156583
LSTM,2,32,50,0.02128416753047812,0.21098643612649737,4922.3397395833335,0.09042910938687947
Bi-LSTM,2,32,50,0.005479104636479204,0.7968871523927918,2214.02462182971,0.040142312013706716
GRU,2,32,50,0.006940246891139142,0.7427219586625438,2543.7825226449277,0.04669988223904035
LSTM,2,64,50,0.005884796796348351,0.7818479634540876,2207.1103034420285,0.04000354836489121
Bi-LSTM,2,64,50,0.0043293124804395355,0.8395104593861981,1909.1328034420292,0.03378727322064568
GRU,2,64,50,0.005775826693865062,0.7858875336554066,2240.3977898550725,0.04082076189391371
LSTM,3,32,50,0.007033550511339699,0.7405637861362729,2485.4779044117654,0.04534476354787301
Bi-LSTM,3,32,50,0.015398495454849578,0.43201838764600553,3992.9706893382354,0.0738456415549363
GRU,3,32,50,0.009294883918281482,0.6571533128006952,2862.388494944852,0.049071154854821435
LSTM,3,64,50,0.009075620772562541,0.6652409493753471,2832.3600183823532,0.051911434918321925
Bi-LSTM,3,64,50,0.007962280965968752,0.7063070743289945,2686.918575367647,0.04953289517576275
GRU,3,64,50,0.007783071007294423,0.7129173280109984,2653.657543658088,0.04556183686811803
LSTM,1,32,50,0.004977640230103113,0.8142452482624727,2128.4053816964283,0.037900363989789444
Bi-LSTM,1,32,50,0.003922716150287292,0.8536127299384371,1827.983814732143,0.032368852325491006
GRU,1,32,50,0.004154481350037389,0.8449637546909661,1894.9304910714288,0.03331446098458871
CNN,5,32,50,0.043794872573174,-0.6578696654846949,7402.060026041667,0.12985943353379395
CNN,3,32,50,0.01295140152676146,0.5222807356093206,3637.374416360294,0.061618316526187863
CNN,1,32,50,0.027703330371177268,-0.03382828358692591,5854.712575892856,0.10138344798727887
LSTM,1,32,50,0.011487360804394145,0.5713165765908652,3471.7699933035715,0.062481630141355486
Bi-LSTM,1,32,50,0.004309725876271266,0.8391703652340936,1949.8594620535712,0.03493486522409494
GRU,1,32,50,0.004242463884896697,0.8416804370616222,1934.2477299107143,0.034630602586130765
LSTM,1,32,50,0.004966901091573437,0.814646009651251,2116.1793973214285,0.037736102877156674
Bi-LSTM,1,32,50,0.0039020111519025022,0.8543853956307932,1818.2355491071432,0.03189150458155781
GRU,1,32,50,0.010034847947553093,0.6255212102416357,3160.215053571429,0.05377006345356339
CNN,1,32,50,0.01126965621731011,0.5794408402291551,3278.4483459821427,0.05730169157457054
LSTM,1,64,50,0.004316967432634496,0.838900126035947,2000.5259129464284,0.035600010216154505
Bi-LSTM,1,64,50,0.003912519389215386,0.8539932509752898,1875.5687611607145,0.03331509387840741
GRU,1,64,50,0.0038954301533547825,0.854630984242044,1854.7872611607147,0.03289743416962774
CNN,1,64,50,0.00920100071346358,0.6566385828911476,2953.613770089286,0.051202885878891484
LSTM,2,32,50,0.008906489008289982,0.6698324882113349,2882.8521874999997,0.05284332415577829
Bi-LSTM,2,32,50,0.005124011497402867,0.8100506131092353,2070.274954710145,0.036149062366015755
GRU,2,32,50,0.0056183440228045195,0.7917254863666822,2263.174519927536,0.04084578056445905
CNN,2,32,50,0.010286603218549335,0.6186710401523543,3177.1480570652175,0.05591415710983517
LSTM,2,64,50,0.005074724936124809,0.8118776878731125,2079.175536684782,0.03735723596612339
Bi-LSTM,2,64,50,0.0049875015622525744,0.8151110971654165,2065.6192413949266,0.03723932501728527
GRU,2,64,50,0.009649817187214612,0.6422769817654717,3046.5261231884056,0.05605842328041825
CNN,2,64,50,0.020207674685342614,0.2508925050393843,4761.066213768116,0.08426242881981855
LSTM,3,32,50,0.006603764616085742,0.7564166651704041,2393.9592118566175,0.04181083921092745
Bi-LSTM,3,32,50,0.011271107380958809,0.5842592698732898,3324.117640165441,0.06164171930272023
GRU,3,32,50,0.00908200970187439,0.6650052903538278,2898.124505974265,0.053662975911530665
CNN,3,32,50,0.0065778332754756405,0.7573731563219852,2343.2402320772053,0.04064010096789982
LSTM,3,64,50,0.006543569711839289,0.75863698590691,2323.7501654411763,0.04217793021924457
Bi-LSTM,3,64,50,0.006406204577134384,0.7637037712249745,2357.219331341912,0.040419718318283615
GRU,3,64,50,0.007244310272447525,0.732789801380141,2529.207810202206,0.043803554486224576
CNN,3,64,50,0.010669089949519416,0.6064649998016944,3219.6305767463236,0.055274046491060214
LSTM,1,32,100,0.005088847303318061,0.8100952411664252,2176.051357142857,0.03936436006746951
Bi-LSTM,1,32,100,0.004442494410194041,0.8342157311269054,1895.421428571429,0.03318752782634011
GRU,1,32,100,0.004939376330787746,0.8156731741046923,2083.9507522321433,0.03758967351485035
CNN,1,32,100,0.014171150781164904,0.4711633477906413,3863.144441964286,0.06795710693730868
LSTM,1,64,100,0.003921941547362287,0.8536416364417957,1858.6967098214288,0.033153429824407575
Bi-LSTM,1,64,100,0.004355324129326747,0.8374687371966227,1917.838064732143,0.03338362849347102
GRU,1,64,100,0.005101879047856048,0.8096089246872387,2116.5200424107147,0.03653166483908112
CNN,1,64,100,0.015024129484700804,0.43933203014046485,4054.7488392857144,0.07020599427534903
LSTM,2,32,100,0.005884446812681795,0.7818609375043836,2288.105095108696,0.04150996727929353
Bi-LSTM,2,32,100,0.007946174116206324,0.7054317886941339,2754.9186684782608,0.05077271223289195
GRU,2,32,100,0.007505946050278443,0.7217512390422629,2686.4619746376807,0.04918608384426988
CNN,2,32,100,0.011738862533725181,0.5648351409425512,3392.6508355978262,0.060572399634473535
LSTM,2,64,100,0.005359337685157951,0.8013269665861791,2168.137214673913,0.03916799692676699
Bi-LSTM,2,64,100,0.005334828195950039,0.8022355442602159,2177.5468659420294,0.03877794501901462
GRU,2,64,100,0.005895942724983227,0.7814347789185736,2259.564137228261,0.03978293016415736
CNN,2,64,100,0.01738603960858612,0.35549177323599734,4391.33625,0.07741358829618142
LSTM,3,32,100,0.008853400615679432,0.6734376568636931,2852.7522081801476,0.049884356705239385
Bi-LSTM,3,32,100,0.007456630952502126,0.7249582413068141,2605.1543681066173,0.047539796669800384
GRU,3,32,100,0.01012863762777435,0.626399868244218,3107.2124149816186,0.05733056354128134
CNN,3,32,100,0.009009927588755648,0.6676640770483533,2872.4324172794113,0.05095034053811317
LSTM,3,64,100,0.00877986090581108,0.676150207781771,2824.319855238971,0.049003441411654525
LSTM,1,32,100,0.004061229879433447,0.848443697589699,1829.0680066964285,0.03257035670117715
Bi-LSTM,1,32,100,0.004561739315552304,0.8297657695453449,1924.5551026785713,0.03389366252455602
GRU,1,32,100,0.005209330825825189,0.8055990570757339,2103.6663482142862,0.036417318003723824
CNN,1,32,100,0.01871274068056417,0.3016810499028535,4586.8274196428565,0.0811452936048422
LSTM,1,64,100,0.0038494788663447623,0.8563457867420208,1847.4281272321432,0.032846866601278474
Bi-LSTM,1,64,100,0.004572889043547287,0.8293496858470648,1977.330598214286,0.03433059790141362
GRU,1,64,100,0.005809827347070662,0.7831898275881116,2284.4631339285716,0.03912557556890204
CNN,1,64,100,0.012077833017776507,0.5492814325598798,3495.265647321429,0.06150570490500188
LSTM,2,32,100,0.011179393400882448,0.5855749107150523,3274.744386322464,0.06106452782305064
Bi-LSTM,2,32,100,0.00636694882161298,0.7639743732731178,2431.470656702898,0.04431286345735947
GRU,2,32,100,0.006893350131887113,0.7444604424016225,2470.8023935688407,0.04275581912755951
CNN,2,32,100,0.0052590538065404625,0.8050445346025807,2176.231485507246,0.03883468760488227
LSTM,2,64,100,0.0061118686314675565,0.7734303094572308,2308.551354166667,0.03968238733745243
Bi-LSTM,2,64,100,0.00534187898510897,0.8019741683678094,2165.840568387681,0.038401512301087834
GRU,2,64,100,0.00731777652784872,0.7287267669924189,2634.1674298007247,0.04836759558320037
CNN,2,64,100,0.013598221255238577,0.49590788554109877,3707.797269021739,0.06634140327891486
LSTM,3,32,100,0.009055660288852935,0.6659772023264221,2851.945326286765,0.05264379301382534
Bi-LSTM,3,32,100,0.005460995780269849,0.7985682953616634,2153.2980675551476,0.038403702305364606
GRU,3,32,100,0.015731637904869953,0.4197302529733067,4047.8487339154417,0.07486437502118361
CNN,3,32,100,0.010969000770034055,0.5954026312801863,3333.228609834559,0.058022230176033474
LSTM,3,64,100,0.011768024316238555,0.5659302270824691,3283.003531709559,0.061478223740325286
Bi-LSTM,3,64,100,0.00798951586327548,0.7053025008023193,2609.886907169119,0.0451733438925387
GRU,3,64,100,0.009165231789707769,0.6619355998266159,2940.293097426471,0.05425557591857767
CNN,3,64,100,0.03072116277817741,-0.13316626415234278,6111.669034926471,0.10624579247080394
LSTM,5,32,50,0.015378382105224787,0.4178461610115132,3657.481624053031,0.06881405109216217
Bi-LSTM,5,32,50,0.008234239560408306,0.6882900854951479,2637.0960937500004,0.048465091241543
GRU,5,32,50,0.008226217242203432,0.6885937730552956,2771.2746330492437,0.05004038449356854
CNN,5,32,50,0.03412858021989988,-0.2919489097290082,6472.349393939394,0.11469431250181324
LSTM,5,64,50,0.010047788523066125,0.6196375781259791,2884.6279711174243,0.05404205279692672
Bi-LSTM,5,64,50,0.0060804894116964605,0.7698210234517906,2183.8720336174247,0.03990453064818648
GRU,5,64,50,0.009731681798583296,0.6316039047478956,3097.227097537879,0.05285005239428177
CNN,5,64,50,0.030880629858544055,-0.16899665384345974,6192.909289772727,0.10898007040618897
LSTM,5,32,100,0.009936072396608882,0.6238666297550131,2807.498835227273,0.052286249183256715
Bi-LSTM,5,32,100,0.005741547499805978,0.7826517837912741,2059.6605563446974,0.03754539244554147
GRU,5,32,100,0.021414561636395175,0.18934454992846594,4758.951567234848,0.08900973926446663
CNN,5,32,100,0.029200956869971047,-0.1054120666058449,5943.752088068182,0.10453783668576555
LSTM,5,64,100,0.010780414218029125,0.5919037854587119,3088.33893939394,0.05701542299025131
Bi-LSTM,5,64,100,0.007318568698794104,0.7229531146546,2426.613134469697,0.04460372509417413
GRU,5,64,100,0.010069805852232945,0.618804104707837,3160.3447632575762,0.0553357187246302
CNN,5,64,100,0.025402369109569358,0.03838475365271887,5459.718056344697,0.09619232092336176
LSTM Sent,1,32,50,0.006725830386047438,0.8515717146747127,2461.299573622882,0.04662894369218015
Bi-LSTM Sent,1,32,50,0.008390145813357515,0.8148429435138286,2732.138757944915,0.05098878813780314
GRU Sent,1,32,50,0.00978030118910703,0.7841644448133149,2963.691406249999,0.05456459143605306
CNN Sent,1,32,50,0.019717017729048165,0.5648770537951733,4117.525188029661,0.07406411398663584
LSTM Sent,1,64,50,0.007581071117550154,0.8326979239260447,2585.060826271186,0.0486866493875283
Bi-LSTM Sent,1,64,50,0.008185498260328921,0.8193591866613013,2700.424049258474,0.05058356136256817
GRU Sent,1,64,50,0.008969555141951741,0.8020563092681712,2846.4150529661015,0.05292566610699183
CNN Sent,1,64,50,0.013019502513301088,0.7126804687423589,3419.3494147245756,0.06247978310163349
LSTM Sent,2,32,50,0.007237598715380922,0.8429848589823978,2594.201443965517,0.04984487259312309
Bi-LSTM Sent,2,32,50,0.011986331300876587,0.7399640994890688,3317.2415840517237,0.061218849088011076
GRU Sent,2,32,50,0.01081374172049053,0.7654026911491479,3193.0178178879314,0.059061690431237886
CNN Sent,2,32,50,0.027582395872727695,0.4016173115047137,5015.67435614224,0.088874784687085
LSTM Sent,2,64,50,0.008081127837533047,0.8246850264998782,2756.8786072198277,0.052802946416615176
Bi-LSTM Sent,2,64,50,0.007915133794589004,0.8282861626067408,2749.3834752155167,0.051956485218358245
GRU Sent,2,64,50,0.00672705092167204,0.854060871480171,2483.4704175646543,0.047564558899325565
CNN Sent,2,64,50,0.03097901863794498,0.3279297220932136,5206.69192887931,0.0915747340764338
LSTM Sent,3,32,50,0.011306632962205162,0.7564723203088356,3315.08556743421,0.061949445499555125
Bi-LSTM Sent,3,32,50,0.010086975262640989,0.7827418923896823,3071.6849945175436,0.057028912452041274
GRU Sent,3,32,50,0.008004215823443439,0.8276013633991426,2719.762938596491,0.05122145661249261
CNN Sent,3,32,50,0.025659020686531545,0.4473437148065059,5033.466384320174,0.09325200926276456
LSTM Sent,3,64,50,0.014103693715283522,0.6962278852564798,3710.8485855263148,0.06904201510275346
Bi-LSTM Sent,3,64,50,0.010776278816278358,0.7678953420876334,3202.512228618421,0.059647024599500095
GRU Sent,3,64,50,0.010903639594746018,0.7651521846005578,3245.379769736842,0.06042267553828422
CNN Sent,3,64,50,0.03766951328677674,0.18865596889110614,6024.643179824561,0.10796253452638349
LSTM Sent,5,32,50,0.027879070813100013,0.4051331359512651,5300.224170454545,0.09552550772586729
Bi-LSTM Sent,5,32,50,0.019842757431484996,0.5766071628972385,4461.916397727272,0.08264268864205622
GRU Sent,5,32,50,0.016225400715092986,0.6537921473054928,4001.1912926136356,0.0721450754030831
CNN Sent,5,32,50,0.03320705761621069,0.29144775445102455,5825.343653409089,0.10761076212544421
LSTM Sent,5,64,50,0.021702236680426173,0.5369307118061364,4570.521999999999,0.08257200703585155
Bi-LSTM Sent,5,64,50,0.018722639260940584,0.6005075714848397,4321.289124999999,0.07954640786302468
GRU Sent,5,64,50,0.020492586416598648,0.5627415024118505,4534.8849346590905,0.08291820992679402
CNN Sent,5,64,50,0.03232778937742526,0.310209051890614,5609.698857954543,0.10019462296237808
LSTM Sent,1,32,100,0.005847865477441375,0.8709469915521233,2299.938998940678,0.043587188990592246
Bi-LSTM Sent,1,32,100,0.008510623399885462,0.8121841964800692,2718.8770127118637,0.05025620303008818
GRU Sent,1,32,100,0.008746064176587359,0.8069883962924803,2767.745458156779,0.05089868000792472
CNN Sent,1,32,100,0.023597661246841452,0.47923747767686375,4616.406152012712,0.08383242481406991
LSTM Sent,1,64,100,0.005704223434298581,0.8741169409770352,2268.8151006355934,0.04327985056788871
Bi-LSTM Sent,1,64,100,0.008965118407407048,0.80215422088103,2810.9845603813555,0.052101079918578236
GRU Sent,1,64,100,0.006861845941307562,0.8485700696010119,2479.866263241525,0.04639119818122702
CNN Sent,1,64,100,0.020986588249055426,0.53685966938787,4279.287319915254,0.07666345767202327
LSTM Sent,2,32,100,0.00701003537545579,0.8479217021694687,2556.998690732758,0.04871157875102681
Bi-LSTM Sent,2,32,100,0.009401295642637017,0.7960448182986711,2873.2694369612063,0.053319118900268164
GRU Sent,2,32,100,0.006014022202989944,0.8695295799864254,2324.8101346982758,0.04413424475201776
CNN Sent,2,32,100,0.02300248808979067,0.5009755233460595,4548.78690463362,0.08100933590224783
LSTM Sent,2,64,100,0.007870818611976827,0.8292475525539735,2731.5849649784473,0.052049731233695364
Bi-LSTM Sent,2,64,100,0.01473789803592201,0.6802705939615575,3718.641457435344,0.06819945383082794
GRU Sent,2,64,100,0.0054288841235623385,0.8822237817056844,2174.74416487069,0.04178730666162534
CNN Sent,2,64,100,0.030372964777330105,0.34107767849848913,5121.132128232757,0.09021667000498178
LSTM Sent,3,32,100,0.011733878029886909,0.747270111274561,3379.1199616228064,0.062259836694832406
Bi-LSTM Sent,3,32,100,0.014003397813527696,0.6983881064575017,3555.9967763157892,0.0653360838147677
GRU Sent,3,32,100,0.015112556302460728,0.6744985193343924,3832.365882675438,0.07044590484857931
CNN Sent,3,32,100,0.02143598903093722,0.5383013945849999,4531.782239583333,0.08265609019402115
LSTM Sent,3,64,100,0.013094889659039167,0.7179559905112831,3600.5656249999997,0.06680240555652737
Bi-LSTM Sent,3,64,100,0.011329017521846847,0.7559901909349831,3233.6201726973677,0.06018301548623249
GRU Sent,3,64,100,0.016998125093614688,0.6338862350104268,4124.391894188596,0.07582994056365643
CNN Sent,3,64,100,0.034356590285275164,0.2600112922882687,5821.345748355263,0.1059396165205811
LSTM Sent,5,32,100,0.030372303217931166,0.3519340407608442,5597.601159090908,0.10090579930858248
Bi-LSTM Sent,5,32,100,0.022680793241104804,0.5160508598036195,4758.4735,0.08686530457943704
GRU Sent,5,32,100,0.020566393163431018,0.5611666583889579,4562.033687499999,0.08233991090534686
CNN Sent,5,32,100,0.03252810694788535,0.3059347959172958,5700.907624999998,0.10305938161022228
LSTM Sent,5,64,100,0.013466227226894566,0.7126657335628854,3557.491673295454,0.06519181084127258
Bi-LSTM Sent,5,64,100,0.02386761105383152,0.4907272543224003,4898.835005681818,0.08971881735028424
GRU Sent,5,64,100,0.023334345927634528,0.5021057452145106,4939.563059659091,0.09013548470722074
CNN Sent,5,64,100,0.05690977944314584,-0.21430668396386765,7869.401892045453,0.1439828517780083
LSTM,10,32,50,0.009640591464491808,0.6425980026230513,3084.1283299180336,0.05386369162696905
Bi-LSTM,10,32,50,0.015039683469943613,0.44243950883377947,3905.986542008197,0.07295273017204534
GRU,10,32,50,0.008402638304458119,0.6884921714284369,2675.1713191598365,0.049753002867657464
CNN,10,32,50,0.008992155291339505,0.666637231368475,3035.8047412909837,0.053403245546426205
LSTM,10,64,50,0.016890232709438385,0.3738347975071089,4008.900566086066,0.07657045094443284
Bi-LSTM,10,64,50,0.00581311033351177,0.7844927614844006,2081.2311168032784,0.037935657704469695
GRU,10,64,50,0.015133791639668144,0.4389506722875034,3796.490927254099,0.07286154284418811
CNN,10,64,50,0.009573948805186385,0.6450686207001679,3119.1104252049176,0.05442004057256082
LSTM,10,32,100,0.007762826077880612,0.7122116878675714,2577.2484964139353,0.04850968028012032
Bi-LSTM,10,32,100,0.009048629539962858,0.6645435829307531,2759.4103022540985,0.05210154637262329
GRU,10,32,100,0.008884800689458986,0.6706171478788909,2677.3434042008194,0.049786901878936925
CNN,10,32,100,0.03825416221545579,-0.4181820725567287,6904.133114754099,0.12121121026546319
LSTM,10,64,100,0.00889145735112557,0.6703703679811779,2689.1993954918034,0.050799780520147206
Bi-LSTM,10,64,100,0.005996088203258033,0.7777092921958242,2220.8798335040988,0.04024559896488793
GRU,10,64,100,0.00808127851643711,0.7004058211809829,2725.7007966188535,0.04967356949424349
CNN,10,64,100,0.010771022064705375,0.6006899769691867,3300.400637807377,0.05685380726926661
LSTM,1,128,100,0.003843442007187653,0.8565710692498287,1868.7580424107146,0.03310363546891545
Bi-LSTM,1,128,100,0.004433519348979146,0.8345506609713164,1978.8048147321429,0.03548408711485217
GRU,1,128,100,0.005823022818866565,0.7826974011622957,2321.61175,0.03979135702699667
CNN,1,128,100,0.009952585859663694,0.628591053180644,3130.7638281250006,0.054486341475168495
LSTM,2,128,50,0.005054021783105736,0.8126451629704404,2054.758761322463,0.03666059630749018
Bi-LSTM,2,128,50,0.005188832062522292,0.8076476859088205,2079.8309986413037,0.03756598722757869
GRU,2,128,50,0.0056355385170617145,0.7910880788113506,2241.416295289855,0.03854563840489633
CNN,2,128,50,0.011612482110074051,0.5695201194988433,3360.0722848731884,0.05962675013765135
LSTM,3,128,50,0.007059919666738322,0.7395911459557022,2446.590301011029,0.044534875794531595
Bi-LSTM,3,128,50,0.0052080838410085775,0.8078970854026379,2115.5283386948536,0.036752417530978465
GRU,3,128,50,0.0055354030359646735,0.7958237445590022,2182.970126378676,0.038213184196221814
CNN,3,128,50,0.011857243147006319,0.5626393435347616,3349.665760569853,0.05688194665724148
LSTM,5,128,100,0.008234989224012624,0.6882617067266781,2785.083605587122,0.04921491431788696
Bi-LSTM,5,128,100,0.009877880380748865,0.6260695081332189,2922.9496685606064,0.0540421593943368
GRU,5,128,100,0.009940405919548926,0.6237025827831906,3124.5159943181825,0.053715774831495255
CNN,5,128,100,0.03525588896197169,-0.3346235622010272,6644.96583096591,0.11696444034310348
LSTM,10,128,100,0.007595938214494389,0.7183986584421358,2608.407072233607,0.046591437127928625
Bi-LSTM,10,128,100,0.00574742852144278,0.7869277584357036,2293.7323924180323,0.040166006739331024
GRU,10,128,100,0.007917223706280294,0.7064877630457846,2843.3850717213127,0.051208928716986096
CNN,10,128,100,0.014341704178019603,0.46831543086410277,3932.2774692622947,0.06800660834184563
LSTM,1,32,50,0.005919748918083161,0.7790877926498407,2317.716895089285,0.041730325431420634
Bi-LSTM,1,32,50,0.004169389998692279,0.8444073962155417,1920.5396629464285,0.034370784081016424
GRU,1,32,50,0.0068924078346884144,0.7427902686772097,2545.548354910714,0.043393615970961426
CNN,1,32,50,0.01066426825042887,0.6020326078729532,3171.325578125,0.055146405970794045
CNN-LSTM,1,32,50,0.004073002834166572,0.8480043564194707,1868.46409375,0.033253433052419665
CNN-LSTM,1,64,50,0.015806813505626734,0.41012395778586364,4100.980651785714,0.06985020666120667
CNN-LSTM,2,32,50,0.00898985992519007,0.6667418912137053,2949.44475317029,0.05157192334168413
CNN-LSTM,2,64,50,0.01080081410075241,0.5996090138753758,3282.405826539855,0.05602120018616853
CNN-LSTM,1,32,50,0.0036128304990709213,0.8651769912244575,1870.7308861607141,0.03278997396281435
CNN-LSTM,1,64,50,0.009639066451103863,0.6402909184199446,3010.6981696428575,0.050872210134461276
CNN-LSTM,2,32,50,0.004521522892621114,0.8323851338543531,1999.1691326992755,0.034912810637189595
CNN-LSTM,2,64,50,0.009243618209456003,0.6573349586689214,2972.9383786231883,0.051136834492891116
CNN,1,32,50,0.012361151797473035,0.5387085893747031,3557.378814732143,0.06170194054910502
CNN,1,64,50,0.014834969978825099,0.4463910531771714,3998.1953258928575,0.06912960487129798
CNN,2,32,50,0.012678265154798862,0.5300110676540806,3617.532581521739,0.06464487645968399
CNN,2,64,50,0.020263997283421868,0.24880460125956816,4742.577196557971,0.08311006449861244
LSTM Sent,1,32,50,0.0060824598790596715,0.8657698695046584,2326.1816260593223,0.044414448796192704
Bi-LSTM Sent,1,32,50,0.006163006039096556,0.8639923449853646,2372.502637711864,0.045048939829744325
GRU Sent,1,32,50,0.007689450036221335,0.8303061750801114,2638.4352754237284,0.049156954580413734
CNN Sent,1,32,50,0.0203595569644556,0.5506972437952673,4210.482036546609,0.07535908899643175
LSTM Sent,1,64,50,0.006271516769727843,0.8615976872609581,2365.363101165254,0.04505837513321317
Bi-LSTM Sent,1,64,50,0.007155862398604322,0.8420815981247605,2549.315932203389,0.0481188468995661
GRU Sent,1,64,50,0.010722011083406527,0.7633824183776359,3100.9490148305076,0.05709544841761279
CNN Sent,1,64,50,0.013749163035777999,0.6965780317190479,3482.73580243644,0.06361300172448005
CNN-LSTM Sent,1,32,50,0.012585117494876022,0.7222666491476184,3315.404351165254,0.06069552785099022
CNN-LSTM Sent,1,64,50,0.012430815975137025,0.7256718361183538,3387.689952330508,0.061731710014856396
CNN-LSTM Sent,2,32,50,0.02074074511684715,0.5500426111755631,4390.130748922413,0.0795602894422245
CNN-LSTM Sent,2,64,50,0.028032482935251585,0.3918529564511235,5107.15393588362,0.09138887384088601
CNN-LSTM Sent,1,32,50,0.020889236415522733,0.5390080681572631,4491.595831567796,0.08209376401960629
CNN-LSTM Sent,1,64,50,0.019455080418404613,0.5706575899743478,4270.462717161016,0.07693413273464976
CNN-LSTM Sent,2,32,50,0.012364482278941817,0.7317603524340305,3335.4027532327586,0.06186619969325573
CNN-LSTM Sent,2,64,50,0.02253444797656324,0.5111293585157441,4562.699827586206,0.08210311043195444
CNN-LSTM Sent,1,32,100,0.028008519973330127,0.38189690260929365,5215.117031249999,0.09428192181361929
CNN-LSTM Sent,1,64,100,0.015404311351890715,0.6600515639940685,3764.731215572033,0.06780161287865395
CNN-LSTM Sent,2,32,100,0.02183326005690344,0.5263411883525173,4483.036311961207,0.08087513832700088
CNN-LSTM Sent,2,64,100,0.02619072822161724,0.4318086637862891,4931.50823275862,0.08852383957372276
